lemma,english,pos,frequency_rank,normalized_frequency,cefr_estimate,tags
i,,preposition,1,0.0322404804271641,A1,core preposition core_500 core_1000 core_2000
være,,verb,2,0.030935463606501,A1,core verb core_500 core_1000 core_2000
og,,conjunction,3,0.0296007020873918,A1,core conjunction core_500 core_1000 core_2000
en,,pronoun,4,0.0253585933517205,A1,core pronoun core_500 core_1000 core_2000
den,,pronoun,5,0.0248530479877218,A1,core pronoun core_500 core_1000 core_2000
på,,preposition,6,0.0153180160799095,A1,core preposition core_500 core_1000 core_2000
til,,preposition,7,0.0152311044168289,A1,core preposition core_500 core_1000 core_2000
det,,pronoun,8,0.0147416726637171,A1,core pronoun core_500 core_1000 core_2000
at,,function_word,9,0.0145099408399794,A1,core function_word core_500 core_1000 core_2000
af,,preposition,10,0.0141683654191358,A1,core preposition core_500 core_1000 core_2000
have,,verb,11,0.0141026891694366,A1,core verb core_500 core_1000 core_2000
for,,preposition,12,0.0129306780108177,A1,core preposition core_500 core_1000 core_2000
der,,function_word,13,0.0128903272789881,A1,core function_word core_500 core_1000 core_2000
at,,conjunction,14,0.0112893932329769,A1,core conjunction core_500 core_1000 core_2000
med,,preposition,15,0.0112550014465284,A1,core preposition core_500 core_1000 core_2000
som,,function_word,16,0.00994214016343829,A1,core function_word core_500 core_1000 core_2000
ikke,,adverb,17,0.00925109483086469,A1,core adverb core_500 core_1000 core_2000
kunne,,verb,18,0.00683768304050003,A1,core verb core_500 core_1000 core_2000
blive,,verb,19,0.00640145599804168,A1,core verb core_500 core_1000 core_2000
han,,pronoun,20,0.0063829588090024,A1,core pronoun core_500 core_1000 core_2000
om,,preposition,21,0.00608752852732537,A1,core preposition core_500 core_1000 core_2000
men,,conjunction,22,0.00591391976766766,A1,core conjunction core_500 core_1000 core_2000
jeg,,pronoun,23,0.00563974935772991,A1,core pronoun core_500 core_1000 core_2000
vi,,pronoun,24,0.00556168050277641,A1,core pronoun core_500 core_1000 core_2000
fra,,preposition,25,0.00520294532037365,A1,core preposition core_500 core_1000 core_2000
de,,pronoun,26,0.00481552493111962,A1,core pronoun core_500 core_1000 core_2000
skulle,,verb,27,0.00460186338690137,A1,core verb core_500 core_1000 core_2000
så,,adverb,28,0.00421004494019816,A1,core adverb core_500 core_1000 core_2000
man,,pronoun,29,0.00420731449806086,A1,core pronoun core_500 core_1000 core_2000
ville,,verb,30,0.00414692347715674,A1,core verb core_500 core_1000 core_2000
sig,,pronoun,31,0.00412805941274885,A1,core pronoun core_500 core_1000 core_2000
megen,,adjective,32,0.00412510217492913,A1,core adjective core_500 core_1000 core_2000
få,,verb,33,0.00381861226850377,A1,core verb core_500 core_1000 core_2000
sige,,verb,34,0.00371318785197432,A1,core verb core_500 core_1000 core_2000
år,,noun,35,0.00356138816536527,A1,core noun core_500 core_1000 core_2000
også,,adverb,36,0.00328106536667026,A1,core adverb core_500 core_1000 core_2000
anden,,pronoun,37,0.00311531996907979,A1,core pronoun core_500 core_1000 core_2000
god,,adjective,38,0.00309121848084908,A1,core adjective core_500 core_1000 core_2000
nogen,,pronoun,39,0.00296544026356647,A1,core pronoun core_500 core_1000 core_2000
stor,,adjective,40,0.0028997895839687,A1,core adjective core_500 core_1000 core_2000
ved,,preposition,41,0.00284613239369392,A1,core preposition core_500 core_1000 core_2000
komme,,verb,42,0.00275456141343196,A1,core verb core_500 core_1000 core_2000
sin,,pronoun,43,0.0027150522714631,A1,core pronoun core_500 core_1000 core_2000
hvor,,adverb,44,0.00267071149206397,A1,core adverb core_500 core_1000 core_2000
hun,,pronoun,45,0.00242485274314764,A1,core pronoun core_500 core_1000 core_2000
eller,,conjunction,46,0.00220239174880042,A1,core conjunction core_500 core_1000 core_2000
al,,pronoun,47,0.00214791075656157,A1,core pronoun core_500 core_1000 core_2000
ud,,adverb,48,0.00214440876440664,A1,core adverb core_500 core_1000 core_2000
ny,,adjective,49,0.00209002338211234,A1,core adjective core_500 core_1000 core_2000
hel,,adjective,50,0.00207414768434332,A1,core adjective core_500 core_1000 core_2000
nu,,adverb,51,0.00207267351240762,A1,core adverb core_500 core_1000 core_2000
gå,,verb,52,0.00205256318348999,A1,core verb core_500 core_1000 core_2000
efter,,preposition,53,0.00204904006820778,A1,core preposition core_500 core_1000 core_2000
gøre,,verb,54,0.00199218550350837,A1,core verb core_500 core_1000 core_2000
se,,verb,55,0.00197203848705387,A1,core verb core_500 core_1000 core_2000
dansk,,adjective,56,0.00193841158016175,A1,core adjective core_500 core_1000 core_2000
når,,conjunction,57,0.00187062301773417,A1,core conjunction core_500 core_1000 core_2000
over,,preposition,58,0.00184844262234273,A1,core preposition core_500 core_1000 core_2000
op,,adverb,59,0.0018323779281717,A1,core adverb core_500 core_1000 core_2000
denne,,pronoun,60,0.00177026481652219,A1,core pronoun core_500 core_1000 core_2000
dag,,noun,61,0.00175385659359691,A1,core noun core_500 core_1000 core_2000
mangen,,adjective,62,0.00174751298495055,A1,core adjective core_500 core_1000 core_2000
hvis,,conjunction,63,0.00169925886828623,A1,core conjunction core_500 core_1000 core_2000
tage,,verb,64,0.00156195854094213,A1,core verb core_500 core_1000 core_2000
da,,conjunction,65,0.00155520581067259,A1,core conjunction core_500 core_1000 core_2000
krone,,noun,66,0.0014532033407631,A1,core noun core_500 core_1000 core_2000
mange,,adjective,67,0.00143724759745912,A1,core adjective core_500 core_1000 core_2000
her,,adverb,68,0.00137771817779946,A1,core adverb core_500 core_1000 core_2000
deres,,pronoun,69,0.00135492965869096,A1,core pronoun core_500 core_1000 core_2000
gang,,noun,70,0.00131941723475289,A1,core noun core_500 core_1000 core_2000
tid,,noun,71,0.00131086903866423,A1,core noun core_500 core_1000 core_2000
måtte,,verb,72,0.00128341564365666,A1,core verb core_500 core_1000 core_2000
give,,verb,73,0.00125207225799826,A1,core verb core_500 core_1000 core_2000
mod,,preposition,74,0.00123689807040377,A1,core preposition core_500 core_1000 core_2000
end,,conjunction,75,0.0012221396748937,A1,core conjunction core_500 core_1000 core_2000
finde,,verb,76,0.00120452187499555,A1,core verb core_500 core_1000 core_2000
hvad,,pronoun,77,0.0012003239313838,A1,core pronoun core_500 core_1000 core_2000
kun,,adverb,78,0.00119224489106955,A1,core adverb core_500 core_1000 core_2000
ind,,adverb,79,0.00117094722004987,A1,core adverb core_500 core_1000 core_2000
stå,,verb,80,0.00115828557285859,A1,core verb core_500 core_1000 core_2000
du,,pronoun,81,0.00114730488190169,A1,core pronoun core_500 core_1000 core_2000
blandt,,preposition,82,0.00109369104962502,A1,core preposition core_500 core_1000 core_2000
lang,,adjective,83,0.00108135736677841,A1,core adjective core_500 core_1000 core_2000
første,,adjective,84,0.0010367286458021,A1,core adjective core_500 core_1000 core_2000
under,,preposition,85,0.00102869629871659,A1,core preposition core_500 core_1000 core_2000
så,,conjunction,86,0.00102576463099832,A1,core conjunction core_500 core_1000 core_2000
sted,,noun,87,0.00100969882508374,A1,core noun core_500 core_1000 core_2000
land,,noun,88,0.00100827468160741,A1,core noun core_500 core_1000 core_2000
hans,,pronoun,89,0.000952350646252018,A1,core pronoun core_500 core_1000 core_2000
selv,,pronoun,90,0.000951851473401998,A1,core pronoun core_500 core_1000 core_2000
barn,,noun,91,0.000948803072611896,A1,core noun core_500 core_1000 core_2000
procent,,noun,92,0.000946642954911252,A1,core noun core_500 core_1000 core_2000
fordi,,conjunction,93,0.000943094269527589,A1,core conjunction core_500 core_1000 core_2000
jo,,adverb,94,0.000935949093787989,A1,core adverb core_500 core_1000 core_2000
derfor,,adverb,95,0.000928582681083681,A1,core adverb core_500 core_1000 core_2000
lige,,adverb,96,0.00090012426991482,A1,core adverb core_500 core_1000 core_2000
sammen,,adverb,97,0.000898292116558844,A1,core adverb core_500 core_1000 core_2000
sen,,adjective,98,0.00089630209562001,A1,core adjective core_500 core_1000 core_2000
sidste,,adjective,99,0.000891622767054898,A1,core adjective core_500 core_1000 core_2000
mand,,noun,100,0.000890245316807292,A1,core noun core_500 core_1000 core_2000
selv,,adverb,101,0.000888059629005199,A1,core adverb core_500 core_1000 core_2000
ingen,,pronoun,102,0.000886453159588096,A1,core pronoun core_500 core_1000 core_2000
mellem,,preposition,103,0.000876420785871876,A1,core preposition core_500 core_1000 core_2000
sætte,,verb,104,0.000846888430442169,A1,core verb core_500 core_1000 core_2000
vise,,verb,105,0.000841752175281605,A1,core verb core_500 core_1000 core_2000
holde,,verb,106,0.000834353522014601,A1,core verb core_500 core_1000 core_2000
lidt,,adjective,107,0.000827395119189931,A1,core adjective core_500 core_1000 core_2000
om,,conjunction,108,0.000819237145084254,A1,core conjunction core_500 core_1000 core_2000
bruge,,verb,109,0.000818456701118298,A1,core verb core_500 core_1000 core_2000
lille,,adjective,110,0.000816742392577694,A1,core adjective core_500 core_1000 core_2000
tidlig,,adjective,111,0.000815597296730209,A1,core adjective core_500 core_1000 core_2000
hver,,pronoun,112,0.000810406566136123,A1,core pronoun core_500 core_1000 core_2000
samme,,adjective,113,0.000795136768597085,A1,core adjective core_500 core_1000 core_2000
mene,,verb,114,0.000794020578081672,A1,core verb core_500 core_1000 core_2000
både,,adverb,115,0.000788884322921107,A1,core adverb core_500 core_1000 core_2000
del,,noun,116,0.000777363324603156,A1,core noun core_500 core_1000 core_2000
med,,adverb,117,0.00077656509274054,A1,core adverb core_500 core_1000 core_2000
gammel,,adjective,118,0.00075959210409631,A1,core adjective core_500 core_1000 core_2000
nok,,adverb,119,0.000751883274381298,A1,core adverb core_500 core_1000 core_2000
kommune,,noun,120,0.000746061073455783,A1,core noun core_500 core_1000 core_2000
liden,,adjective,121,0.000745310646565441,A1,core adjective core_500 core_1000 core_2000
mens,,conjunction,122,0.000737310540042622,A1,core conjunction core_500 core_1000 core_2000
dog,,adverb,123,0.000730740135713847,A1,core adverb core_500 core_1000 core_2000
for,,conjunction,124,0.000727536090827971,A1,core conjunction core_500 core_1000 core_2000
skrive,,verb,125,0.000709245686087362,A1,core verb core_500 core_1000 core_2000
bare,,adverb,126,0.000699519041844985,A1,core adverb core_500 core_1000 core_2000
hos,,preposition,127,0.000691848011410375,A1,core preposition core_500 core_1000 core_2000
høj,,adjective,128,0.000679317549956971,A1,core adjective core_500 core_1000 core_2000
menneske,,noun,129,0.000675507604841115,A1,core noun core_500 core_1000 core_2000
ligge,,verb,130,0.000657735272590728,A1,core verb core_500 core_1000 core_2000
replik,,noun,131,0.000655486215406784,A1,core noun core_500 core_1000 core_2000
tilbage,,adverb,132,0.0006451125364234,A1,core adverb core_500 core_1000 core_2000
ske,,verb,133,0.000639716133274184,A1,core verb core_500 core_1000 core_2000
igen,,adverb,134,0.000631414744251686,A1,core adverb core_500 core_1000 core_2000
siden,,adverb,135,0.000629470304798044,A1,core adverb core_500 core_1000 core_2000
sag,,noun,136,0.000628726548368949,A1,core noun core_500 core_1000 core_2000
regering,,noun,137,0.000622954375902791,A1,core noun core_500 core_1000 core_2000
eksempel,,noun,138,0.00062009385977116,A1,core noun core_500 core_1000 core_2000
frem,,adverb,139,0.000613859201991842,A1,core adverb core_500 core_1000 core_2000
verden,,noun,140,0.00060761120329003,A1,core noun core_500 core_1000 core_2000
måske,,adverb,141,0.000603312091016025,A1,core adverb core_500 core_1000 core_2000
sådan,,adverb,142,0.000601787890620974,A1,core adverb core_500 core_1000 core_2000
folk,,noun,143,0.000599437664774776,A1,core noun core_500 core_1000 core_2000
vide,,verb,144,0.000599332049138358,A1,core verb core_500 core_1000 core_2000
lave,,verb,145,0.000597018510829021,A1,core verb core_500 core_1000 core_2000
uden,,preposition,146,0.000596551578541697,A1,core preposition core_500 core_1000 core_2000
tale,,verb,147,0.000596487097416304,A1,core verb core_500 core_1000 core_2000
endnu,,adverb,148,0.00059501292548061,A1,core adverb core_500 core_1000 core_2000
egen,,adjective,149,0.000594507082169342,A1,core adjective core_500 core_1000 core_2000
ung,,adjective,150,0.000594361443765439,A1,core adjective core_500 core_1000 core_2000
hvordan,,adverb,151,0.000593074044744674,A1,core adverb core_500 core_1000 core_2000
problem,,noun,152,0.000585198453498474,A1,core noun core_500 core_1000 core_2000
spille,,verb,153,0.000581117242958554,A1,core verb core_500 core_1000 core_2000
side,,noun,154,0.000577688625877345,A1,core noun core_500 core_1000 core_2000
uge,,noun,155,0.000576539083055695,A1,core noun core_500 core_1000 core_2000
årig,,adjective,156,0.000575176085474125,A1,core adjective core_500 core_1000 core_2000
vej,,noun,157,0.000573880904248572,A1,core noun core_500 core_1000 core_2000
minut,,noun,158,0.000572421184978913,A1,core noun core_500 core_1000 core_2000
penge,,noun,159,0.000568928086772313,A1,core noun core_500 core_1000 core_2000
vores,,pronoun,160,0.000568838035545472,A1,core pronoun core_500 core_1000 core_2000
ned,,adverb,161,0.000568753543036337,A1,core adverb core_500 core_1000 core_2000
fortælle,,verb,162,0.00056129040864394,A1,core verb core_500 core_1000 core_2000
rigtig,,adjective,163,0.000554873424923858,A1,core adjective core_500 core_1000 core_2000
tro,,verb,164,0.000551031239245306,A1,core verb core_500 core_1000 core_2000
kamp,,noun,165,0.00055013517395106,A1,core noun core_500 core_1000 core_2000
klar,,adjective,166,0.000548628761452669,A1,core adjective core_500 core_1000 core_2000
kvinde,,noun,167,0.000543243475738865,A1,core noun core_500 core_1000 core_2000
ifølge,,preposition,168,0.000540123923362124,A1,core preposition core_500 core_1000 core_2000
liv,,noun,169,0.000538520789175644,A1,core noun core_500 core_1000 core_2000
omkring,,preposition,170,0.000536507421622444,A1,core preposition core_500 core_1000 core_2000
virksomhed,,noun,171,0.000525229895140027,A1,core noun core_500 core_1000 core_2000
politisk,,adjective,172,0.000524899707308276,A1,core adjective core_500 core_1000 core_2000
by,,noun,173,0.000523725706128718,A1,core noun core_500 core_1000 core_2000
lægge,,verb,174,0.000520443839194955,A1,core verb core_500 core_1000 core_2000
stadig,,adverb,175,0.000518482723588194,A1,core adverb core_500 core_1000 core_2000
forhold,,noun,176,0.000515474345565577,A1,core noun core_500 core_1000 core_2000
først,,adverb,177,0.000513051856389198,A1,core adverb core_500 core_1000 core_2000
måde,,noun,178,0.000511886749157971,A1,core noun core_500 core_1000 core_2000
mulighed,,noun,179,0.00050965881510131,A1,core noun core_500 core_1000 core_2000
arbejde,,verb,180,0.000509389773164328,A1,core verb core_500 core_1000 core_2000
gennem,,preposition,181,0.00050085602974171,A1,core preposition core_500 core_1000 core_2000
lade,,verb,182,0.000497564157116075,A1,core verb core_500 core_1000 core_2000
arbejde,,noun,183,0.000496116667025371,A1,core noun core_500 core_1000 core_2000
grund,,noun,184,0.000493092724593177,A1,core noun core_500 core_1000 core_2000
over,,adverb,185,0.000491879812389675,A1,core adverb core_500 core_1000 core_2000
allerede,,adverb,186,0.000482961405701786,A1,core adverb core_500 core_1000 core_2000
begynde,,verb,187,0.000482623435665246,A1,core verb core_500 core_1000 core_2000
samtidig,,adverb,188,0.000481444987511524,A1,core adverb core_500 core_1000 core_2000
politi,,noun,189,0.00047246988190303,A1,core noun core_500 core_1000 core_2000
køre,,verb,190,0.000471735019422265,A1,core verb core_500 core_1000 core_2000
bog,,noun,191,0.000471343685695746,A1,core noun core_500 core_1000 core_2000
skabe,,verb,192,0.000468353095569789,A1,core verb core_500 core_1000 core_2000
vælge,,verb,193,0.000466572082416711,A1,core verb core_500 core_1000 core_2000
da,,adverb,194,0.000462807718786045,A1,core adverb core_500 core_1000 core_2000
område,,noun,195,0.000460171774849747,A1,core noun core_500 core_1000 core_2000
måned,,noun,196,0.000456993300065319,A1,core noun core_500 core_1000 core_2000
sidde,,verb,197,0.000450139401133527,A1,core verb core_500 core_1000 core_2000
altså,,adverb,198,0.000446977602502218,A1,core adverb core_500 core_1000 core_2000
gerne,,adverb,199,0.000446187152844391,A1,core adverb core_500 core_1000 core_2000
par,,noun,200,0.000441349956696422,A1,core noun core_500 core_1000 core_2000
svær,,adjective,201,0.000439612301541451,A1,core adjective core_500 core_1000 core_2000
min,,pronoun,202,0.000438441635592517,A1,core pronoun core_500 core_1000 core_2000
række,,noun,203,0.000435685623353764,A1,core noun core_500 core_1000 core_2000
aldrig,,adverb,204,0.000434025790246681,A1,core adverb core_500 core_1000 core_2000
netop,,adverb,205,0.000432594976309095,A1,core adverb core_500 core_1000 core_2000
følge,,verb,206,0.000427964564459798,A1,core verb core_500 core_1000 core_2000
altid,,adverb,207,0.000426674941951951,A1,core adverb core_500 core_1000 core_2000
skole,,noun,208,0.000424638227784385,A1,core noun core_500 core_1000 core_2000
plads,,noun,209,0.000422405846753559,A1,core noun core_500 core_1000 core_2000
amerikansk,,adjective,210,0.000417949978640238,A1,core adjective core_500 core_1000 core_2000
familie,,noun,211,0.000417056136833075,A1,core noun core_500 core_1000 core_2000
betyde,,verb,212,0.000416260128457541,A1,core verb core_500 core_1000 core_2000
høre,,verb,213,0.000414911583542008,A1,core verb core_500 core_1000 core_2000
vigtig,,adjective,214,0.000413545250729814,A1,core adjective core_500 core_1000 core_2000
går,,noun,215,0.000413437411606313,A1,core noun core_500 core_1000 core_2000
næste,,adjective,216,0.000410652494035488,A1,core adjective core_500 core_1000 core_2000
slå,,verb,217,0.000406571283495567,A1,core verb core_500 core_1000 core_2000
klokke,,noun,218,0.000404773594189369,A1,core noun core_500 core_1000 core_2000
million,,noun,219,0.000403231605897659,A1,core noun core_500 core_1000 core_2000
pris,,noun,220,0.000402938105602769,A1,core noun core_500 core_1000 core_2000
nemlig,,adverb,221,0.000399009203927999,A1,core adverb core_500 core_1000 core_2000
historie,,noun,222,0.000398321034675967,A1,core noun core_500 core_1000 core_2000
tænke,,verb,223,0.000397809632646993,A1,core verb core_500 core_1000 core_2000
ting,,noun,224,0.000397000283348965,A1,core noun core_500 core_1000 core_2000
bil,,noun,225,0.000395444954134759,A1,core noun core_500 core_1000 core_2000
møde,,verb,226,0.000394890194107676,A1,core verb core_500 core_1000 core_2000
kende,,verb,227,0.000393890736664095,A1,core verb core_500 core_1000 core_2000
forskellig,,adjective,228,0.000393223690539346,A1,core adjective core_500 core_1000 core_2000
få,,adjective,229,0.000391248122266549,A1,core adjective core_500 core_1000 core_2000
syne,,verb,230,0.000390444331686226,A1,core verb core_500 core_1000 core_2000
film,,noun,231,0.000389614971004455,A1,core noun core_500 core_1000 core_2000
sende,,verb,232,0.000388712235248962,A1,core verb core_500 core_1000 core_2000
falde,,verb,233,0.000386287522585501,A1,core verb core_500 core_1000 core_2000
hus,,noun,234,0.0003833469609189,A1,core noun core_500 core_1000 core_2000
formand,,noun,235,0.000381569282996445,A1,core noun core_500 core_1000 core_2000
burde,,verb,236,0.000375410223777932,A1,core verb core_500 core_1000 core_2000
hendes,,pronoun,237,0.000374798764830246,A1,core pronoun core_500 core_1000 core_2000
samle,,verb,238,0.000374370743566866,A1,core verb core_500 core_1000 core_2000
direktør,,noun,239,0.00037364366329089,A1,core noun core_500 core_1000 core_2000
aften,,noun,240,0.000371138905092458,A1,core noun core_500 core_1000 core_2000
parti,,noun,241,0.000370777588441553,A1,core noun core_500 core_1000 core_2000
rundt,,adverb,242,0.000370344008460466,A1,core adverb core_500 core_1000 core_2000
spørgsmål,,noun,243,0.000368258377577085,A1,core noun core_500 core_1000 core_2000
inden,,preposition,244,0.000367043241886501,A1,core preposition core_500 core_1000 core_2000
medlem,,noun,245,0.000366211657717648,A1,core noun core_500 core_1000 core_2000
mulig,,adjective,246,0.000365506812312497,A1,core adjective core_500 core_1000 core_2000
jeg,,noun,247,0.00036450290789475,A1,core noun core_500 core_1000 core_2000
økonomisk,,adjective,248,0.000363345582868311,A1,core adjective core_500 core_1000 core_2000
hurtig,,adjective,249,0.000363302224870203,A1,core adjective core_500 core_1000 core_2000
købe,,verb,250,0.00036232833752807,A1,core verb core_500 core_1000 core_2000
alt,,adverb,251,0.000360120414855151,A1,core adverb core_500 core_1000 core_2000
dansker,,noun,252,0.000358945301932052,A1,core noun core_500 core_1000 core_2000
stærk,,adjective,253,0.000358650689893622,A1,core adjective core_500 core_1000 core_2000
vinde,,verb,254,0.000355037523384567,A1,core verb core_500 core_1000 core_2000
næsten,,adverb,255,0.000351043028840863,A1,core adverb core_500 core_1000 core_2000
særlig,,adjective,256,0.000349986872476678,A1,core adjective core_500 core_1000 core_2000
betale,,verb,257,0.000346278096023075,A1,core verb core_500 core_1000 core_2000
leve,,verb,258,0.000344244717086133,A1,core verb core_500 core_1000 core_2000
enkelt,,adjective,259,0.000342055694053416,A1,core adjective core_500 core_1000 core_2000
handle,,verb,260,0.000341798881295388,A1,core verb core_500 core_1000 core_2000
ellers,,adverb,261,0.000341778869911645,A1,core adverb core_500 core_1000 core_2000
nå,,verb,262,0.000341000649432772,A1,core verb core_500 core_1000 core_2000
vente,,verb,263,0.000340901704257601,A1,core verb core_500 core_1000 core_2000
heller,,adverb,264,0.000339753273179492,A1,core adverb core_500 core_1000 core_2000
hold,,noun,265,0.000339192954434703,A1,core noun core_500 core_1000 core_2000
ønske,,verb,266,0.00033734634841269,A1,core verb core_500 core_1000 core_2000
blot,,adverb,267,0.000337099541346533,A1,core adverb core_500 core_1000 core_2000
selskab,,noun,268,0.000336632609059209,A1,core noun core_500 core_1000 core_2000
dermed,,adverb,269,0.000336074513801503,A1,core adverb core_500 core_1000 core_2000
samt,,conjunction,270,0.000335669839152489,A1,core conjunction core_500 core_1000 core_2000
cirka,,adverb,271,0.00033485159590613,A1,core adverb core_500 core_1000 core_2000
fald,,noun,272,0.000332566962928866,A1,core noun core_500 core_1000 core_2000
stige,,verb,273,0.00033144743718283,A1,core verb core_500 core_1000 core_2000
gruppe,,noun,274,0.000331093902736713,A1,core noun core_500 core_1000 core_2000
lov,,noun,275,0.000328924891087738,A1,core noun core_500 core_1000 core_2000
kalde,,verb,276,0.000328353454907537,A1,core verb core_500 core_1000 core_2000
billede,,noun,277,0.000327657503450716,A1,core noun core_500 core_1000 core_2000
faktisk,,adjective,278,0.000326994904300132,A1,core adjective core_500 core_1000 core_2000
mål,,noun,279,0.000324950407927777,A1,core noun core_500 core_1000 core_2000
lyde,,verb,280,0.000323898698537757,A1,core verb core_500 core_1000 core_2000
især,,adverb,281,0.000321988723133893,A1,core adverb core_500 core_1000 core_2000
videre,,adverb,282,0.000319584021854174,A1,core adverb core_500 core_1000 core_2000
international,,adjective,283,0.000319555116522102,A1,core adjective core_500 core_1000 core_2000
stille,,verb,284,0.000318378891855462,A1,core verb core_500 core_1000 core_2000
offentlig,,adjective,285,0.000318053150997876,A1,core adjective core_500 core_1000 core_2000
ord,,noun,286,0.000317708510500089,A1,core noun core_500 core_1000 core_2000
time,,noun,287,0.000317268260057755,A1,core noun core_500 core_1000 core_2000
forsøge,,verb,288,0.000315565068952563,A1,core verb core_500 core_1000 core_2000
læse,,verb,289,0.000314944716056547,A1,core verb core_500 core_1000 core_2000
bag,,preposition,290,0.000314532259202744,A1,core preposition core_500 core_1000 core_2000
politiker,,noun,291,0.000311754012093166,A1,core noun core_500 core_1000 core_2000
gælde,,verb,292,0.000309522742805882,A1,core verb core_500 core_1000 core_2000
føre,,verb,293,0.000306357608943949,A1,core verb core_500 core_1000 core_2000
alligevel,,adverb,294,0.000306240875872118,A1,core adverb core_500 core_1000 core_2000
ofte,,adverb,295,0.00030571724466419,A1,core adverb core_500 core_1000 core_2000
brug,,noun,296,0.000303859521206765,A1,core noun core_500 core_1000 core_2000
kort,,adjective,297,0.000303785034389502,A1,core adjective core_500 core_1000 core_2000
bank,,noun,298,0.000302608809722862,A1,core noun core_500 core_1000 core_2000
person,,noun,299,0.000301253594346081,A1,core noun core_500 core_1000 core_2000
nær,,adjective,300,0.00029959598472608,A1,core adjective core_500 core_1000 core_2000
udvikling,,noun,301,0.000297598181582458,A1,core noun core_500 core_1000 core_2000
resultat,,noun,302,0.000297171272062619,A1,core noun core_500 core_1000 core_2000
trække,,verb,303,0.000296262977589419,A1,core verb core_500 core_1000 core_2000
leder,,noun,304,0.00029605841677783,A1,core noun core_500 core_1000 core_2000
forbindelse,,noun,305,0.000295816056685838,A1,core noun core_500 core_1000 core_2000
sikre,,verb,306,0.000295200150763986,A1,core verb core_500 core_1000 core_2000
navn,,noun,307,0.000294879968624107,A1,core noun core_500 core_1000 core_2000
øvrig,,adjective,308,0.000293690403034972,A1,core adjective core_500 core_1000 core_2000
hvorfor,,adverb,309,0.000292887724198191,A1,core adverb core_500 core_1000 core_2000
siden,,preposition,310,0.000292733191845957,A1,core preposition core_500 core_1000 core_2000
løb,,noun,311,0.000291677035481772,A1,core noun core_500 core_1000 core_2000
form,,noun,312,0.000291184533092999,A1,core noun core_500 core_1000 core_2000
forklare,,verb,313,0.000291113381506359,A1,core verb core_500 core_1000 core_2000
uden,,adverb,314,0.000290529716147204,A1,core adverb core_500 core_1000 core_2000
fast,,adjective,315,0.000289033309340685,A1,core adjective core_500 core_1000 core_2000
ganske,,adverb,316,0.000284601899585271,A1,core adverb core_500 core_1000 core_2000
ansætte,,verb,317,0.000284347310314325,A1,core verb core_500 core_1000 core_2000
før,,preposition,318,0.000283622453525432,A1,core preposition core_500 core_1000 core_2000
hvem,,pronoun,319,0.000283340070665955,A1,core pronoun core_500 core_1000 core_2000
grad,,noun,320,0.000280917581489576,A1,core noun core_500 core_1000 core_2000
hård,,adjective,321,0.000280472884073077,A1,core adjective core_500 core_1000 core_2000
sikker,,adjective,322,0.000277026479095209,A1,core adjective core_500 core_1000 core_2000
før,,conjunction,323,0.000276344980304424,A1,core conjunction core_500 core_1000 core_2000
føle,,verb,324,0.000276069267906194,A1,core verb core_500 core_1000 core_2000
tæt,,adjective,325,0.000275066475231989,A1,core adjective core_500 core_1000 core_2000
opleve,,verb,326,0.000274427222695771,A1,core verb core_500 core_1000 core_2000
eneste,,adjective,327,0.000273033096295046,A1,core adjective core_500 core_1000 core_2000
projekt,,noun,328,0.000272512800317743,A1,core noun core_500 core_1000 core_2000
tysk,,adjective,329,0.000272423860834443,A1,core adjective core_500 core_1000 core_2000
samfund,,noun,330,0.000272240423150137,A1,core noun core_500 core_1000 core_2000
bo,,verb,331,0.000271898006139433,A1,core verb core_500 core_1000 core_2000
kræve,,verb,332,0.000269654507673194,A1,core verb core_500 core_1000 core_2000
spørge,,verb,333,0.000265260897198183,A1,core verb core_500 core_1000 core_2000
hjælpe,,verb,334,0.000264738377733797,A1,core verb core_500 core_1000 core_2000
forstå,,verb,335,0.000263375380152227,A1,core verb core_500 core_1000 core_2000
møde,,noun,336,0.000262566030854198,A1,core noun core_500 core_1000 core_2000
selvfølgelig,,adverb,337,0.000262313665070335,A1,core adverb core_500 core_1000 core_2000
dårlig,,adjective,338,0.000261467628235446,A1,core adjective core_500 core_1000 core_2000
således,,adverb,339,0.000260454829869369,A1,core adverb core_500 core_1000 core_2000
situation,,noun,340,0.000259274158228564,A1,core noun core_500 core_1000 core_2000
svare,,verb,341,0.00025852261959468,A1,core verb core_500 core_1000 core_2000
fortsætte,,verb,342,0.000258176867353352,A1,core verb core_500 core_1000 core_2000
plan,,noun,343,0.000257644342197095,A1,core noun core_500 core_1000 core_2000
hånd,,noun,344,0.000257549843996088,A1,core noun core_500 core_1000 core_2000
fri,,adjective,345,0.00025689169181967,A1,core adjective core_500 core_1000 core_2000
universitet,,noun,346,0.000256860563000515,A1,core noun core_500 core_1000 core_2000
avis,,noun,347,0.000255334139118382,A1,core noun core_500 core_1000 core_2000
valg,,noun,348,0.000254105662505303,A1,core noun core_500 core_1000 core_2000
opgave,,noun,349,0.00025363094801319,A1,core noun core_500 core_1000 core_2000
tal,,noun,350,0.000253458627764297,A1,core noun core_500 core_1000 core_2000
slags,,noun,351,0.000250918293772545,A1,core noun core_500 core_1000 core_2000
klub,,noun,352,0.000249971088275402,A1,core noun core_500 core_1000 core_2000
stat,,noun,353,0.000249209543949647,A1,core noun core_500 core_1000 core_2000
morgen,,noun,354,0.000247190617678741,A1,core noun core_500 core_1000 core_2000
tekst,,noun,355,0.000247098342964818,A1,core noun core_500 core_1000 core_2000
til,,adverb,356,0.000245956582347956,A1,core adverb core_500 core_1000 core_2000
forælder,,noun,357,0.000244838168345461,A1,core noun core_500 core_1000 core_2000
hvilken,,pronoun,358,0.000243183893956084,A1,core pronoun core_500 core_1000 core_2000
ene,,adjective,359,0.000243137200727352,A1,core adjective core_500 core_1000 core_2000
ret,,noun,360,0.000243113854112986,A1,core noun core_500 core_1000 core_2000
ekstra,,adjective,361,0.000242929304685139,A1,core adjective core_500 core_1000 core_2000
ude,,adverb,362,0.00024233341014703,A1,core adverb core_500 core_1000 core_2000
flytte,,verb,363,0.000241836460784092,A1,core verb core_500 core_1000 core_2000
undersøgelse,,noun,364,0.00024053349735375,A1,core noun core_500 core_1000 core_2000
antal,,noun,365,0.000239935379328558,A1,core noun core_500 core_1000 core_2000
alene,,adverb,366,0.000238646868564252,A1,core adverb core_500 core_1000 core_2000
begge,,pronoun,367,0.000237945358389725,A1,core pronoun core_500 core_1000 core_2000
ret,,adverb,368,0.000237790826037491,A1,core adverb core_500 core_1000 core_2000
vende,,verb,369,0.000237172696628558,A1,core verb core_500 core_1000 core_2000
ren,,adjective,370,0.000236872525872421,A1,core adjective core_500 core_1000 core_2000
lokal,,adjective,371,0.000236664629830207,A1,core adjective core_500 core_1000 core_2000
fremtid,,noun,372,0.000236634612754594,A1,core noun core_500 core_1000 core_2000
ændre,,verb,373,0.000236571243372742,A1,core verb core_500 core_1000 core_2000
aftale,,noun,374,0.000236312207127632,A1,core noun core_500 core_1000 core_2000
væk,,adverb,375,0.000236234385079744,A1,core adverb core_500 core_1000 core_2000
krav,,noun,376,0.00023595422570735,A1,core noun core_500 core_1000 core_2000
øje,,noun,377,0.000235950890476726,A1,core noun core_500 core_1000 core_2000
præsident,,noun,378,0.000235465058549201,A1,core noun core_500 core_1000 core_2000
samarbejde,,noun,379,0.0002342521463457,A1,core noun core_500 core_1000 core_2000
koste,,verb,380,0.000234144307222199,A1,core verb core_500 core_1000 core_2000
forslag,,noun,381,0.000234125407581997,A1,core noun core_500 core_1000 core_2000
musik,,noun,382,0.000234093167019301,A1,core noun core_500 core_1000 core_2000
fylde,,verb,383,0.000233571759298456,A1,core verb core_500 core_1000 core_2000
privat,,adjective,384,0.000233175978597772,A1,core adjective core_500 core_1000 core_2000
oplyse,,verb,385,0.000230815747059703,A1,core verb core_500 core_1000 core_2000
fuld,,adjective,386,0.000230606739273948,A1,core adjective core_500 core_1000 core_2000
søndag,,noun,387,0.000230159818370366,A1,core noun core_500 core_1000 core_2000
ramme,,verb,388,0.000229393827070447,A1,core verb core_500 core_1000 core_2000
medarbejder,,noun,389,0.000229354916046503,A1,core noun core_500 core_1000 core_2000
bygge,,verb,390,0.000229310446304853,A1,core verb core_500 core_1000 core_2000
længe,,adverb,391,0.000229277093998616,A1,core adverb core_500 core_1000 core_2000
imod,,preposition,392,0.000228879089810849,A1,core preposition core_500 core_1000 core_2000
pige,,noun,393,0.00022815867999612,A1,core noun core_500 core_1000 core_2000
tilfælde,,noun,394,0.000227269285163122,A1,core noun core_500 core_1000 core_2000
elev,,noun,395,0.000226728977802076,A1,core noun core_500 core_1000 core_2000
social,,adjective,396,0.000225576099749802,A1,core adjective core_500 core_1000 core_2000
igennem,,preposition,397,0.000225231459252015,A1,core preposition core_500 core_1000 core_2000
marked,,noun,398,0.000225223677047226,A1,core noun core_500 core_1000 core_2000
lære,,verb,399,0.000224273136319459,A1,core verb core_500 core_1000 core_2000
far,,noun,400,0.000224079692943282,A1,core noun core_500 core_1000 core_2000
udvikle,,verb,401,0.000223324819078775,A1,core verb core_500 core_1000 core_2000
lørdag,,noun,402,0.000222602185776964,A1,core noun core_500 core_1000 core_2000
mor,,noun,403,0.000220462079460062,A1,core noun core_500 core_1000 core_2000
kirke,,noun,404,0.000219258061204891,A1,core noun core_500 core_1000 core_2000
kunde,,noun,405,0.000218997913216239,A1,core noun core_500 core_1000 core_2000
åbne,,verb,406,0.000218974566601872,A1,core verb core_500 core_1000 core_2000
prøve,,verb,407,0.000218915644194186,A1,core verb core_500 core_1000 core_2000
halv,,adjective,408,0.000218577674157647,A1,core adjective core_500 core_1000 core_2000
europæisk,,adjective,409,0.000218245262838814,A1,core adjective core_500 core_1000 core_2000
hedde,,verb,410,0.000217970662184126,A1,core verb core_500 core_1000 core_2000
periode,,noun,411,0.000217542640920745,A1,core noun core_500 core_1000 core_2000
borger,,noun,412,0.000217308063033542,A1,core noun core_500 core_1000 core_2000
masse,,noun,413,0.000216696604085856,A1,core noun core_500 core_1000 core_2000
rejse,,verb,414,0.000215923942324688,A1,core verb core_500 core_1000 core_2000
ligne,,verb,415,0.000215453674806741,A1,core verb core_500 core_1000 core_2000
vel,,adverb,416,0.00021513238092332,A1,core adverb core_500 core_1000 core_2000
åben,,adjective,417,0.000214884462113622,A1,core adjective core_500 core_1000 core_2000
mangle,,verb,418,0.00021446422305503,A1,core verb core_500 core_1000 core_2000
hjem,,adverb,419,0.000213336915104205,A1,core adverb core_500 core_1000 core_2000
ligesom,,conjunction,420,0.000213015621220784,A1,core conjunction core_500 core_1000 core_2000
hen,,adverb,421,0.000212684321645492,A1,core adverb core_500 core_1000 core_2000
ja,,noun,422,0.000212642075390925,A1,core noun core_500 core_1000 core_2000
sælge,,verb,423,0.000212250741664406,A1,core verb core_500 core_1000 core_2000
uddannelse,,noun,424,0.000212199601461508,A1,core noun core_500 core_1000 core_2000
desuden,,adverb,425,0.000212148461258611,A1,core adverb core_500 core_1000 core_2000
forvente,,verb,426,0.000210845497828268,A1,core verb core_500 core_1000 core_2000
direkte,,adjective,427,0.000210299631749516,A1,core adjective core_500 core_1000 core_2000
fredag,,noun,428,0.000209564769268751,A1,core noun core_500 core_1000 core_2000
for,,adverb,429,0.000208455249214586,A1,core adverb core_500 core_1000 core_2000
søge,,verb,430,0.000208265141069032,A1,core verb core_500 core_1000 core_2000
lukke,,verb,431,0.00020759475971366,A1,core verb core_500 core_1000 core_2000
lav,,adjective,432,0.000207544731254304,A1,core adjective core_500 core_1000 core_2000
der,,adverb,433,0.00020571480138541,A1,core adverb core_500 core_1000 core_2000
ven,,noun,434,0.000205576945186295,A1,core noun core_500 core_1000 core_2000
ende,,verb,435,0.000205200064125812,A1,core verb core_500 core_1000 core_2000
job,,noun,436,0.000205186723203317,A1,core noun core_500 core_1000 core_2000
fin,,adjective,437,0.000205045531773579,A1,core adjective core_500 core_1000 core_2000
krig,,noun,438,0.000205016626441506,A1,core noun core_500 core_1000 core_2000
vand,,noun,439,0.000204629739689152,A1,core noun core_500 core_1000 core_2000
slet,,adverb,440,0.000203984928435228,A1,core adverb core_500 core_1000 core_2000
fortsat,,adverb,441,0.000203885983260057,A1,core adverb core_500 core_1000 core_2000
nummer,,noun,442,0.000203401263076073,A1,core noun core_500 core_1000 core_2000
interesse,,noun,443,0.000203087751397441,A1,core noun core_500 core_1000 core_2000
hinanden,,pronoun,444,0.000203047728629956,A1,core pronoun core_500 core_1000 core_2000
økonomi,,noun,445,0.000202739775669031,A1,core noun core_500 core_1000 core_2000
end,,adverb,446,0.000202548555779936,A1,core adverb core_500 core_1000 core_2000
spil,,noun,447,0.000202098299645731,A1,core noun core_500 core_1000 core_2000
såkaldt,,adjective,448,0.000201632479101948,A1,core adjective core_500 core_1000 core_2000
hjælp,,noun,449,0.000201404571675992,A1,core noun core_500 core_1000 core_2000
deltage,,verb,450,0.000201252262810841,A1,core verb core_500 core_1000 core_2000
starte,,verb,451,0.00020105548420404,A1,core verb core_500 core_1000 core_2000
tv,,noun,452,0.000200375097156797,A1,core noun core_500 core_1000 core_2000
ad,,preposition,453,0.000199472361401304,A1,core preposition core_500 core_1000 core_2000
kilometer,,noun,454,0.000197186616680498,A1,core noun core_500 core_1000 core_2000
virke,,verb,455,0.000195812501663516,A1,core verb core_500 core_1000 core_2000
rolle,,noun,456,0.000195128779385648,A1,core noun core_500 core_1000 core_2000
øjeblik,,noun,457,0.000195124332411483,A1,core noun core_500 core_1000 core_2000
håbe,,verb,458,0.000195100985797117,A1,core verb core_500 core_1000 core_2000
løbe,,verb,459,0.000194672964533737,A1,core verb core_500 core_1000 core_2000
almindelig,,adjective,460,0.000194415040032167,A1,core adjective core_500 core_1000 core_2000
bringe,,verb,461,0.000193735764728465,A1,core verb core_500 core_1000 core_2000
gengæld,,noun,462,0.000192825246768183,A1,core noun core_500 core_1000 core_2000
tur,,noun,463,0.000191861365117921,A1,core noun core_500 core_1000 core_2000
sort,,adjective,464,0.000189979183302589,A1,core adjective core_500 core_1000 core_2000
politik,,noun,465,0.000189929154843232,A1,core noun core_500 core_1000 core_2000
tidspunkt,,noun,466,0.000189446658146331,A1,core noun core_500 core_1000 core_2000
hvid,,adjective,467,0.00018926766743619,A1,core adjective core_500 core_1000 core_2000
debat,,noun,468,0.000188399395730475,A1,core noun core_500 core_1000 core_2000
nødvendig,,adjective,469,0.000188367155167779,A1,core adjective core_500 core_1000 core_2000
meter,,noun,470,0.000187757919707175,A1,core noun core_500 core_1000 core_2000
lykkes,,verb,471,0.000187190930501139,A1,core verb core_500 core_1000 core_2000
glad,,adjective,472,0.000186347117153332,A1,core adjective core_500 core_1000 core_2000
ansvar,,noun,473,0.000184877392191802,A1,core noun core_500 core_1000 core_2000
stykke,,noun,474,0.000182642787673894,A1,core noun core_500 core_1000 core_2000
modtage,,verb,475,0.000182334834712969,A1,core verb core_500 core_1000 core_2000
vokse,,verb,476,0.000181977965036228,A1,core verb core_500 core_1000 core_2000
forfatter,,noun,477,0.000181784521660051,A1,core noun core_500 core_1000 core_2000
tale,,noun,478,0.000181602195719286,A1,core noun core_500 core_1000 core_2000
vurdere,,verb,479,0.000181601083975745,A1,core verb core_500 core_1000 core_2000
inden,,conjunction,480,0.000180285891366449,A1,core conjunction core_500 core_1000 core_2000
system,,noun,481,0.000177999034902102,A1,core noun core_500 core_1000 core_2000
miste,,verb,482,0.000177567678408098,A1,core verb core_500 core_1000 core_2000
positiv,,adjective,483,0.000177449833592726,A1,core adjective core_500 core_1000 core_2000
fælles,,adjective,484,0.000176521527735784,A1,core adjective core_500 core_1000 core_2000
dreng,,noun,485,0.000176424806047695,A1,core noun core_500 core_1000 core_2000
huskeregel,,noun,486,0.000176354766204597,A1,core noun core_500 core_1000 core_2000
løsning,,noun,487,0.000175958985503913,A1,core noun core_500 core_1000 core_2000
mandag,,noun,488,0.000175874492994778,A1,core noun core_500 core_1000 core_2000
torsdag,,noun,489,0.000175299721583953,A1,core noun core_500 core_1000 core_2000
efter,,conjunction,490,0.000175196329434617,A1,core conjunction core_500 core_1000 core_2000
tvivl,,noun,491,0.000174402544546166,A1,core noun core_500 core_1000 core_2000
øge,,verb,492,0.000174312493319325,A1,core verb core_500 core_1000 core_2000
passe,,verb,493,0.000174262464859968,A1,core verb core_500 core_1000 core_2000
rød,,adjective,494,0.000173792197342021,A1,core adjective core_500 core_1000 core_2000
ledelse,,noun,495,0.000173741057139123,A1,core noun core_500 core_1000 core_2000
skylde,,verb,496,0.000173320818080532,A1,core verb core_500 core_1000 core_2000
til,,conjunction,497,0.000173259672185763,A1,core conjunction core_500 core_1000 core_2000
sæson,,noun,498,0.000172861667997996,A1,core noun core_500 core_1000 core_2000
virkelighed,,noun,499,0.000172483675193972,A1,core noun core_500 core_1000 core_2000
fransk,,adjective,500,0.000171781053275903,A1,core adjective core_500 core_1000 core_2000
teater,,noun,501,0.000171595392104515,A2,core noun core_1000 core_2000
alvorlig,,adjective,502,0.000171447530213529,A2,core adjective core_1000 core_2000
beslutning,,noun,503,0.00017050365994701,A2,core noun core_1000 core_2000
spiller,,noun,504,0.000170410273489545,A2,core noun core_1000 core_2000
læge,,noun,505,0.00017016568991047,A2,core noun core_1000 core_2000
bryde,,verb,506,0.000169219596156868,A2,core verb core_1000 core_2000
skat,,noun,507,0.00016866817136041,A2,core noun core_1000 core_2000
rest,,noun,508,0.000168518085982341,A2,core noun core_1000 core_2000
imidlertid,,adverb,509,0.000168390235475098,A2,core adverb core_1000 core_2000
kraft,,noun,510,0.00016838356501385,A2,core noun core_1000 core_2000
på,,adverb,511,0.00016831241342721,A2,core adverb core_1000 core_2000
lejlighed,,noun,512,0.000168254602763065,A2,core noun core_1000 core_2000
aktie,,noun,513,0.000168056712412723,A2,core noun core_1000 core_2000
hænge,,verb,514,0.000167698730992441,A2,core verb core_1000 core_2000
medie,,noun,515,0.000167478605771274,A2,core noun core_1000 core_2000
per,,preposition,516,0.000167069484148095,A2,core preposition core_1000 core_2000
sejr,,noun,517,0.000166608110578477,A2,core noun core_1000 core_2000
baggrund,,noun,518,0.000166315722027129,A2,core noun core_1000 core_2000
dyb,,adjective,519,0.000165366293042904,A2,core adjective core_1000 core_2000
program,,noun,520,0.000165207313716505,A2,core noun core_1000 core_2000
personlig,,adjective,521,0.000164658112407129,A2,core adjective core_1000 core_2000
enig,,adjective,522,0.00016456139071904,A2,core adjective core_1000 core_2000
sommer,,noun,523,0.000164496909593648,A2,core noun core_1000 core_2000
afvise,,verb,524,0.000163750929677471,A2,core verb core_1000 core_2000
grænse,,noun,525,0.000163704236448738,A2,core noun core_1000 core_2000
beslutte,,verb,526,0.000163657543220006,A2,core verb core_1000 core_2000
længere,,adverb,527,0.00016358083291566,A2,core adverb core_1000 core_2000
svar,,noun,528,0.000163565268506082,A2,core noun core_1000 core_2000
nuværende,,adjective,529,0.000163467435074452,A2,core adjective core_1000 core_2000
onsdag,,noun,530,0.000163441864973004,A2,core noun core_1000 core_2000
råd,,noun,531,0.000163156146882903,A2,core noun core_1000 core_2000
foran,,preposition,532,0.000163074989604392,A2,core preposition core_1000 core_2000
naturligvis,,adverb,533,0.000162860423100931,A2,core adverb core_1000 core_2000
indsats,,noun,534,0.000161789814070709,A2,core noun core_1000 core_2000
huske,,verb,535,0.0001615496774658,A2,core verb core_1000 core_2000
regne,,verb,536,0.000161101644818677,A2,core verb core_1000 core_2000
tabe,,verb,537,0.000160616924634693,A2,core verb core_1000 core_2000
firma,,noun,538,0.000160555778739924,A2,core noun core_1000 core_2000
slem,,adjective,539,0.000160184456397148,A2,core adjective core_1000 core_2000
bestyrelse,,noun,540,0.000159962107688898,A2,core noun core_1000 core_2000
grøn,,adjective,541,0.000159922084921413,A2,core adjective core_1000 core_2000
klare,,verb,542,0.00015950073411928,A2,core verb core_1000 core_2000
hoved,,noun,543,0.000159437364737429,A2,core noun core_1000 core_2000
bede,,verb,544,0.000159249480078958,A2,core verb core_1000 core_2000
søn,,noun,545,0.000159195004645437,A2,core noun core_1000 core_2000
befolkning,,noun,546,0.000159163875826282,A2,core noun core_1000 core_2000
januar,,noun,547,0.000159136082237751,A2,core noun core_1000 core_2000
hverken,,adverb,548,0.000158892610402218,A2,core adverb core_1000 core_2000
gennemføre,,verb,549,0.000158890386915135,A2,core verb core_1000 core_2000
dø,,verb,550,0.000158651362053767,A2,core verb core_1000 core_2000
virkelig,,adverb,551,0.000158126619102298,A2,core adverb core_1000 core_2000
forsøg,,noun,552,0.000157912052598837,A2,core noun core_1000 core_2000
patient,,noun,553,0.000157889817728012,A2,core noun core_1000 core_2000
bestå,,verb,554,0.000157711938761413,A2,core verb core_1000 core_2000
trods,,preposition,555,0.00015758519999771,A2,core preposition core_1000 core_2000
mening,,noun,556,0.000157420661953606,A2,core noun core_1000 core_2000
folketing,,noun,557,0.000157168296169742,A2,core noun core_1000 core_2000
svensk,,adjective,558,0.000157027104740004,A2,core adjective core_1000 core_2000
forening,,noun,559,0.000157004869869179,A2,core noun core_1000 core_2000
nat,,noun,560,0.000156900365976302,A2,core noun core_1000 core_2000
konservativ,,adjective,561,0.000156850337516945,A2,core adjective core_1000 core_2000
start,,noun,562,0.000156544608043102,A2,core noun core_1000 core_2000
salg,,noun,563,0.00015643565717606,A2,core noun core_1000 core_2000
yderlig,,adjective,564,0.000156219978929058,A2,core adjective core_1000 core_2000
tirsdag,,noun,565,0.000155368383376462,A2,core noun core_1000 core_2000
inde,,adverb,566,0.000155279443893162,A2,core adverb core_1000 core_2000
lys,,noun,567,0.000155276108662539,A2,core noun core_1000 core_2000
støtte,,verb,568,0.000154224399272518,A2,core verb core_1000 core_2000
smuk,,adjective,569,0.000153846406468494,A2,core adjective core_1000 core_2000
pause,,noun,570,0.000153499542483625,A2,core noun core_1000 core_2000
museum,,noun,571,0.00015335279233618,A2,core noun core_1000 core_2000
normal,,adjective,572,0.000153286087723705,A2,core adjective core_1000 core_2000
organisation,,noun,573,0.000153261629365798,A2,core noun core_1000 core_2000
stilling,,noun,574,0.00015306818598962,A2,core noun core_1000 core_2000
via,,preposition,575,0.000152647946931029,A2,core preposition core_1000 core_2000
understrege,,verb,576,0.000152600141958755,A2,core verb core_1000 core_2000
hente,,verb,577,0.000152575683600848,A2,core verb core_1000 core_2000
værdi,,noun,578,0.000152258836691592,A2,core noun core_1000 core_2000
vis,,adjective,579,0.000151881955631109,A2,core adjective core_1000 core_2000
stemme,,noun,580,0.000151859720760284,A2,core noun core_1000 core_2000
oplysning,,noun,581,0.000151793016147809,A2,core noun core_1000 core_2000
før,,adverb,582,0.000151423917292115,A2,core adverb core_1000 core_2000
hjem,,noun,583,0.000151047036231632,A2,core noun core_1000 core_2000
egentlig,,adverb,584,0.000149854135411873,A2,core adverb core_1000 core_2000
engang,,adverb,585,0.000149108155495696,A2,core adverb core_1000 core_2000
dengang,,adverb,586,0.000149089255855495,A2,core adverb core_1000 core_2000
minister,,noun,587,0.000149034780421973,A2,core noun core_1000 core_2000
skifte,,verb,588,0.000148613429619841,A2,core verb core_1000 core_2000
afgørende,,adjective,589,0.000148417762756581,A2,core adjective core_1000 core_2000
mærke,,verb,590,0.000148365510810142,A2,core verb core_1000 core_2000
forskel,,noun,591,0.00014830992363308,A2,core noun core_1000 core_2000
forlade,,verb,592,0.0001481676204598,A2,core verb core_1000 core_2000
let,,adjective,593,0.00014784632657638,A2,core adjective core_1000 core_2000
scene,,noun,594,0.000147674006327486,A2,core noun core_1000 core_2000
mad,,noun,595,0.000147610636945635,A2,core noun core_1000 core_2000
indgå,,verb,596,0.000147539485358995,A2,core verb core_1000 core_2000
nej,,noun,597,0.00014690245630986,A2,core noun core_1000 core_2000
unge,,noun,598,0.000146560039299156,A2,core noun core_1000 core_2000
september,,noun,599,0.000146489999456057,A2,core noun core_1000 core_2000
journalist,,noun,600,0.000146464429354609,A2,core noun core_1000 core_2000
kunst,,noun,601,0.000146148694188894,A2,core noun core_1000 core_2000
død,,noun,602,0.000145764030923622,A2,core noun core_1000 core_2000
behandling,,noun,603,0.000145507218165594,A2,core noun core_1000 core_2000
udtryk,,noun,604,0.000145410496477506,A2,core noun core_1000 core_2000
føde,,verb,605,0.000145408272990423,A2,core verb core_1000 core_2000
nævne,,verb,606,0.000145317110020041,A2,core verb core_1000 core_2000
jord,,noun,607,0.00014511143746491,A2,core noun core_1000 core_2000
dyr,,adjective,608,0.000144925776293522,A2,core adjective core_1000 core_2000
kigge,,verb,609,0.000144900206192073,A2,core verb core_1000 core_2000
midt,,adverb,610,0.000144807931478149,A2,core adverb core_1000 core_2000
fungere,,verb,611,0.000144784584863783,A2,core verb core_1000 core_2000
dele,,verb,612,0.000144736779891509,A2,core verb core_1000 core_2000
professor,,noun,613,0.000144411039033924,A2,core noun core_1000 core_2000
pludselig,,adverb,614,0.000144395474624346,A2,core adverb core_1000 core_2000
maj,,noun,615,0.000144356563600403,A2,core noun core_1000 core_2000
bane,,noun,616,0.000144194249043381,A2,core noun core_1000 core_2000
milliard,,noun,617,0.000144025264025111,A2,core noun core_1000 core_2000
klasse,,noun,618,0.000143194791599799,A2,core noun core_1000 core_2000
enhver,,pronoun,619,0.000143086952476298,A2,core pronoun core_1000 core_2000
melde,,verb,620,0.000143049153195895,A2,core verb core_1000 core_2000
niveau,,noun,621,0.000142920190945111,A2,core noun core_1000 core_2000
udstilling,,noun,622,0.000142835698435976,A2,core noun core_1000 core_2000
værk,,noun,623,0.000142255368307444,A2,core noun core_1000 core_2000
moderne,,adjective,624,0.00014217976974664,A2,core adjective core_1000 core_2000
vækst,,noun,625,0.000142114176877706,A2,core noun core_1000 core_2000
afdeling,,noun,626,0.000141998555549416,A2,core noun core_1000 core_2000
snart,,adverb,627,0.00014192184524507,A2,core adverb core_1000 core_2000
succes,,noun,628,0.000141692826075573,A2,core noun core_1000 core_2000
ende,,noun,629,0.000141474924341488,A2,core noun core_1000 core_2000
myndighed,,noun,630,0.000141241458197826,A2,core noun core_1000 core_2000
britisk,,adjective,631,0.00014089681770004,A2,core adjective core_1000 core_2000
rapport,,noun,632,0.000139753945339637,A2,core noun core_1000 core_2000
telefon,,noun,633,0.000139567172424707,A2,core noun core_1000 core_2000
bord,,noun,634,0.000138881226659757,A2,core noun core_1000 core_2000
magt,,noun,635,0.00013865220749026,A2,core noun core_1000 core_2000
sådan,,adjective,636,0.000138494339907403,A2,core adjective core_1000 core_2000
chef,,noun,637,0.000138480998984908,A2,core noun core_1000 core_2000
marts,,noun,638,0.000138124129308168,A2,core noun core_1000 core_2000
region,,noun,639,0.000137632738662936,A2,core noun core_1000 core_2000
fortale,,verb,640,0.000137453747952795,A2,core verb core_1000 core_2000
chance,,noun,641,0.000137214723091427,A2,core noun core_1000 core_2000
butik,,noun,642,0.000137084649097101,A2,core noun core_1000 core_2000
derefter,,adverb,643,0.000136912328848207,A2,core adverb core_1000 core_2000
sidst,,adverb,644,0.00013676335521368,A2,core adverb core_1000 core_2000
levere,,verb,645,0.000136697762344747,A2,core verb core_1000 core_2000
pege,,verb,646,0.000136151896265994,A2,core verb core_1000 core_2000
bære,,verb,647,0.000136066292013318,A2,core verb core_1000 core_2000
november,,noun,648,0.000135896195251507,A2,core noun core_1000 core_2000
stoppe,,verb,649,0.000135149103591788,A2,core verb core_1000 core_2000
serie,,noun,650,0.000135127980464505,A2,core noun core_1000 core_2000
kritik,,noun,651,0.000134888955603136,A2,core noun core_1000 core_2000
generel,,adjective,652,0.000134871167706477,A2,core adjective core_1000 core_2000
voldsom,,adjective,653,0.000134854491553358,A2,core adjective core_1000 core_2000
gæst,,noun,654,0.000134689953509253,A2,core noun core_1000 core_2000
speciel,,adjective,655,0.000134686618278629,A2,core adjective core_1000 core_2000
fokus,,noun,656,0.000134613243204907,A2,core noun core_1000 core_2000
december,,noun,657,0.000134452040391426,A2,core noun core_1000 core_2000
oplevelse,,noun,658,0.000134436475981849,A2,core noun core_1000 core_2000
foregå,,verb,659,0.000134334195576054,A2,core verb core_1000 core_2000
aktiv,,adjective,660,0.000134257485271708,A2,core adjective core_1000 core_2000
dør,,noun,661,0.000134114070354887,A2,core noun core_1000 core_2000
kultur,,noun,662,0.000133966208463901,A2,core noun core_1000 core_2000
post,,noun,663,0.000133598221351748,A2,core noun core_1000 core_2000
konsekvens,,noun,664,0.000133244686905631,A2,core noun core_1000 core_2000
drive,,verb,665,0.000133133512551506,A2,core verb core_1000 core_2000
hjemme,,adverb,666,0.000132844459230782,A2,core adverb core_1000 core_2000
undgå,,verb,667,0.000132721055697703,A2,core verb core_1000 core_2000
bestemme,,verb,668,0.000132359739046798,A2,core verb core_1000 core_2000
soldat,,noun,669,0.000132321939766395,A2,core noun core_1000 core_2000
årsag,,noun,670,0.00013226412910225,A2,core noun core_1000 core_2000
juni,,noun,671,0.000132209653668729,A2,core noun core_1000 core_2000
flot,,adjective,672,0.00013208513839211,A2,core adjective core_1000 core_2000
erfaring,,noun,673,0.00013195172916716,A2,core noun core_1000 core_2000
ide,,noun,674,0.000131746056612029,A2,core noun core_1000 core_2000
april,,noun,675,0.000131595971233961,A2,core noun core_1000 core_2000
blad,,noun,676,0.000131325817553437,A2,core noun core_1000 core_2000
daglig,,adjective,677,0.000131022311566677,A2,core adjective core_1000 core_2000
betydning,,noun,678,0.000130955606954202,A2,core noun core_1000 core_2000
fodbold,,noun,679,0.000130900019777139,A2,core noun core_1000 core_2000
nødt,,adjective,680,0.000130665441889936,A2,core adjective core_1000 core_2000
statsminister,,noun,681,0.000130127358015972,A2,core noun core_1000 core_2000
besøg,,noun,682,0.000129793834953598,A2,core noun core_1000 core_2000
fordel,,noun,683,0.000129525904760157,A2,core noun core_1000 core_2000
indtil,,preposition,684,0.000129048966780962,A2,core preposition core_1000 core_2000
oktober,,noun,685,0.000129018949705348,A2,core noun core_1000 core_2000
indtil,,conjunction,686,0.000128994491347441,A2,core conjunction core_1000 core_2000
væsentlig,,adjective,687,0.000128978926937863,A2,core adjective core_1000 core_2000
lide,,verb,688,0.000128953356836414,A2,core verb core_1000 core_2000
dræbe,,verb,689,0.000128667638746314,A2,core verb core_1000 core_2000
kunstner,,noun,690,0.00012864651561903,A2,core noun core_1000 core_2000
dreje,,verb,691,0.000128528670803658,A2,core verb core_1000 core_2000
dels,,adverb,692,0.000128291869429372,A2,core adverb core_1000 core_2000
forsvinde,,verb,693,0.00012819181251066,A2,core verb core_1000 core_2000
ønske,,noun,694,0.00012814734276901,A2,core noun core_1000 core_2000
løse,,verb,695,0.000128139560564221,A2,core verb core_1000 core_2000
tjene,,verb,696,0.000127808260988929,A2,core verb core_1000 core_2000
støtte,,noun,697,0.000127735997658748,A2,core noun core_1000 core_2000
begyndelse,,noun,698,0.000127592582741927,A2,core noun core_1000 core_2000
konstatere,,verb,699,0.000127587024024221,A2,core verb core_1000 core_2000
tilbyde,,verb,700,0.00012741692726241,A2,core verb core_1000 core_2000
model,,noun,701,0.000126555326017943,A2,core noun core_1000 core_2000
frasælge,,verb,702,0.000126491956636092,A2,core verb core_1000 core_2000
kurs,,noun,703,0.000126460827816937,A2,core noun core_1000 core_2000
fejl,,noun,704,0.00012634742997573,A2,core noun core_1000 core_2000
byde,,verb,705,0.000126326306848446,A2,core verb core_1000 core_2000
engelsk,,adjective,706,0.000126185115418707,A2,core adjective core_1000 core_2000
nem,,adjective,707,0.000125961654966917,A2,core adjective core_1000 core_2000
billig,,adjective,708,0.000125832692716132,A2,core adjective core_1000 core_2000
endelig,,adverb,709,0.000125535857190619,A2,core adverb core_1000 core_2000
gade,,noun,710,0.00012540355970921,A2,core noun core_1000 core_2000
risiko,,noun,711,0.000125393554017339,A2,core noun core_1000 core_2000
spise,,verb,712,0.000125071148390377,A2,core verb core_1000 core_2000
folkeparti,,noun,713,0.000124991102855407,A2,core noun core_1000 core_2000
holdning,,noun,714,0.000124944409626675,A2,core noun core_1000 core_2000
helst,,adverb,715,0.000124547517182449,A2,core adverb core_1000 core_2000
natur,,noun,716,0.000124003874590779,A2,core noun core_1000 core_2000
besøge,,verb,717,0.000123930499517057,A2,core verb core_1000 core_2000
beskrive,,verb,718,0.000123393527386634,A2,core verb core_1000 core_2000
derimod,,adverb,719,0.000123161172986513,A2,core adverb core_1000 core_2000
slippe,,verb,720,0.00012297106484096,A2,core verb core_1000 core_2000
foretage,,verb,721,0.000121838198172429,A2,core verb core_1000 core_2000
træde,,verb,722,0.000121734806023093,A2,core verb core_1000 core_2000
venstre,,adjective,723,0.000121586944132107,A2,core adjective core_1000 core_2000
produkt,,noun,724,0.000121580273670859,A2,core noun core_1000 core_2000
voksen,,adjective,725,0.000121247862352026,A2,core adjective core_1000 core_2000
lede,,verb,726,0.000121178934252469,A2,core verb core_1000 core_2000
glæde,,verb,727,0.00012105553071939,A2,core verb core_1000 core_2000
bygning,,noun,728,0.000120985490876292,A2,core noun core_1000 core_2000
datter,,noun,729,0.000120803164935527,A2,core noun core_1000 core_2000
koncert,,noun,730,0.00012067197919766,A2,core noun core_1000 core_2000
kvalitet,,noun,731,0.000120571922278947,A2,core noun core_1000 core_2000
borgmester,,noun,732,0.000120553022638746,A2,core noun core_1000 core_2000
konkret,,adjective,733,0.000120498547205225,A2,core adjective core_1000 core_2000
radikal,,adjective,734,0.000120309550803213,A2,core adjective core_1000 core_2000
artikel,,noun,735,0.000120162800655768,A2,core noun core_1000 core_2000
kontakt,,noun,736,0.000120153906707438,A2,core noun core_1000 core_2000
formentlig,,adjective,737,0.000120069414198303,A2,core adjective core_1000 core_2000
point,,noun,738,0.00012003050317436,A2,core noun core_1000 core_2000
undersøge,,verb,739,0.000119874859078585,A2,core verb core_1000 core_2000
konkurrence,,noun,740,0.000119807042722569,A2,core noun core_1000 core_2000
kollega,,noun,741,0.000119686974420114,A2,core noun core_1000 core_2000
anderledes,,adjective,742,0.000119569129604742,A2,core adjective core_1000 core_2000
kaste,,verb,743,0.000119530218580798,A2,core verb core_1000 core_2000
flertal,,noun,744,0.000119430161662086,A2,core noun core_1000 core_2000
dollar,,noun,745,0.000119256729669651,A2,core noun core_1000 core_2000
lyst,,noun,746,0.000119066621524098,A2,core noun core_1000 core_2000
center,,noun,747,0.000119054392345144,A2,core noun core_1000 core_2000
desværre,,adverb,748,0.000118475173960154,A2,core adverb core_1000 core_2000
sprog,,noun,749,0.000118167220999228,A2,core noun core_1000 core_2000
stand,,noun,750,0.000117940425316814,A2,core noun core_1000 core_2000
knap,,adverb,751,0.000117616907946311,A2,core adverb core_1000 core_2000
sang,,noun,752,0.000117505733592186,A2,core noun core_1000 core_2000
weekend,,noun,753,0.000117432358518464,A2,core noun core_1000 core_2000
slutte,,verb,754,0.000117350089496411,A2,core verb core_1000 core_2000
spændende,,adjective,755,0.000116592992144821,A2,core adjective core_1000 core_2000
kæmpe,,verb,756,0.000116347296822206,A2,core verb core_1000 core_2000
aktivitet,,noun,757,0.00011619054098289,A2,core noun core_1000 core_2000
dyr,,noun,758,0.000116086037090012,A2,core noun core_1000 core_2000
efterhånden,,adverb,759,0.000115723608695566,A2,core adverb core_1000 core_2000
stemme,,verb,760,0.000115577970291662,A2,core verb core_1000 core_2000
fængsel,,noun,761,0.000115574635061038,A2,core noun core_1000 core_2000
rette,,verb,762,0.000115546841472507,A2,core verb core_1000 core_2000
sygdom,,noun,763,0.000115529053575847,A2,core noun core_1000 core_2000
tilbud,,noun,764,0.000115280023022608,A2,core noun core_1000 core_2000
krop,,noun,765,0.000115238888511582,A2,core noun core_1000 core_2000
hensyn,,noun,766,0.000115173295642648,A2,core noun core_1000 core_2000
publikum,,noun,767,0.000115152172515364,A2,core noun core_1000 core_2000
russisk,,adjective,768,0.000115064344775606,A2,core adjective core_1000 core_2000
omgang,,noun,769,0.000115012092829167,A2,core noun core_1000 core_2000
interessere,,verb,770,0.000114995416676048,A2,core verb core_1000 core_2000
adgang,,noun,771,0.000114770844480716,A2,core noun core_1000 core_2000
overraske,,verb,772,0.0001147030281247,A2,core verb core_1000 core_2000
umiddelbar,,adjective,773,0.00011466745233138,A2,core adjective core_1000 core_2000
skyld,,noun,774,0.000114545160541843,A2,core noun core_1000 core_2000
forsker,,noun,775,0.000114331705781923,A2,core noun core_1000 core_2000
synge,,verb,776,0.000114148268097618,A2,core verb core_1000 core_2000
herre,,noun,777,0.000114094904407638,A2,core noun core_1000 core_2000
udfordring,,noun,778,0.000113993735745384,A2,core noun core_1000 core_2000
februar,,noun,779,0.000113934813337698,A2,core noun core_1000 core_2000
elske,,verb,780,0.00011352680345806,A2,core verb core_1000 core_2000
reel,,adjective,781,0.000113462322332668,A2,core adjective core_1000 core_2000
karriere,,noun,782,0.00011314325193633,A2,core noun core_1000 core_2000
bolig,,noun,783,0.000113067653375525,A2,core noun core_1000 core_2000
behandle,,verb,784,0.000112982049122849,A2,core verb core_1000 core_2000
selvom,,conjunction,785,0.000112857533846229,A2,core conjunction core_1000 core_2000
opnå,,verb,786,0.000112535128219267,A2,core verb core_1000 core_2000
skære,,verb,787,0.000112411724686189,A2,core verb core_1000 core_2000
top,,noun,788,0.000112240516180836,A2,core noun core_1000 core_2000
årlig,,adjective,789,0.00011214601797983,A2,core adjective core_1000 core_2000
overhovedet,,adverb,790,0.00011191366357971,A2,core adverb core_1000 core_2000
stjerne,,noun,791,0.000111650180360434,A2,core noun core_1000 core_2000
præsentere,,verb,792,0.000111590146209206,A2,core verb core_1000 core_2000
forklaring,,noun,793,0.000111291087196611,A2,core noun core_1000 core_2000
sjælden,,adjective,794,0.000111166571919991,A2,core adjective core_1000 core_2000
august,,noun,795,0.000111162124945826,A2,core noun core_1000 core_2000
ringe,,verb,796,0.000111123213921882,A2,core verb core_1000 core_2000
socialdemokrat,,noun,797,0.000111106537768764,A2,core noun core_1000 core_2000
I,,pronoun,798,0.0001108541719849,A2,core pronoun core_1000 core_2000
tilføje,,verb,799,0.000110806367012627,A2,core verb core_1000 core_2000
kraftig,,adjective,800,0.000110777461680554,A2,core adjective core_1000 core_2000
opstå,,verb,801,0.000110740774143693,A2,core verb core_1000 core_2000
bred,,adjective,802,0.000110650722916852,A2,core adjective core_1000 core_2000
roman,,noun,803,0.000110353887391339,A2,core noun core_1000 core_2000
tilsyneladende,,adjective,804,0.000110045934430413,A2,core adjective core_1000 core_2000
historisk,,adjective,805,0.000109965888895443,A2,core adjective core_1000 core_2000
alvor,,noun,806,0.000109369994357335,A2,core noun core_1000 core_2000
halvdel,,noun,807,0.000109327748102767,A2,core noun core_1000 core_2000
eksempelvis,,adverb,808,0.000109289948822365,A2,core adverb core_1000 core_2000
forhandling,,noun,809,0.0001091965623649,A2,core noun core_1000 core_2000
true,,verb,810,0.000108966431451862,A2,core verb core_1000 core_2000
kone,,noun,811,0.000108689607310091,A2,core noun core_1000 core_2000
om,,adverb,812,0.000108685160335926,A2,core adverb core_1000 core_2000
spille,,noun,813,0.000108202663639024,A2,core noun core_1000 core_2000
selve,,adjective,814,0.000108139294257173,A2,core adjective core_1000 core_2000
indføre,,verb,815,0.000108121506360513,A2,core verb core_1000 core_2000
forkert,,adjective,816,0.000108048131286791,A2,core adjective core_1000 core_2000
rejse,,noun,817,0.00010802033769826,A2,core noun core_1000 core_2000
vild,,adjective,818,0.000107932509958501,A2,core adjective core_1000 core_2000
titel,,noun,819,0.000107874699294356,A2,core noun core_1000 core_2000
tanke,,noun,820,0.000107871364063733,A2,core noun core_1000 core_2000
placere,,verb,821,0.000107686814635885,A2,core verb core_1000 core_2000
træne,,verb,822,0.000107496706490332,A2,core verb core_1000 core_2000
viden,,noun,823,0.00010743222536494,A2,core noun core_1000 core_2000
sørge,,verb,824,0.000107274357782082,A2,core verb core_1000 core_2000
interessant,,adjective,825,0.00010716540691504,A2,core adjective core_1000 core_2000
central,,adjective,826,0.00010686190092828,A2,core adjective core_1000 core_2000
love,,verb,827,0.000106678463243974,A2,core verb core_1000 core_2000
spare,,verb,828,0.000106596194221921,A2,core verb core_1000 core_2000
udenlandsk,,adjective,829,0.000106570624120473,A2,core adjective core_1000 core_2000
forestilling,,noun,830,0.000106322705310774,A2,core noun core_1000 core_2000
produktion,,noun,831,0.000106316034849527,A2,core noun core_1000 core_2000
juli,,noun,832,0.000106282682543289,A2,core noun core_1000 core_2000
erkende,,verb,833,0.000106112585781478,A2,core verb core_1000 core_2000
national,,adjective,834,0.000106055886860875,A2,core adjective core_1000 core_2000
fjerne,,verb,835,0.00010585577302345,A2,core verb core_1000 core_2000
idé,,noun,836,0.000105714581593712,A2,core noun core_1000 core_2000
sikkerhed,,noun,837,0.000105703464158299,A2,core noun core_1000 core_2000
hidtil,,adverb,838,0.000105670111852062,A2,core adverb core_1000 core_2000
uddanne,,verb,839,0.000105592289804175,A2,core verb core_1000 core_2000
miljø,,noun,840,0.00010558784283001,A2,core noun core_1000 core_2000
færdig,,adjective,841,0.00010544553965673,A2,core adjective core_1000 core_2000
forår,,noun,842,0.000105334365302605,A2,core noun core_1000 core_2000
forventning,,noun,843,0.000105270995920754,A2,core noun core_1000 core_2000
naturlig,,adjective,844,0.000104970825164617,A2,core adjective core_1000 core_2000
formål,,noun,845,0.000104929690653591,A2,core noun core_1000 core_2000
udgøre,,verb,846,0.000104854092092786,A2,core verb core_1000 core_2000
tydelig,,adjective,847,0.000104841862913832,A2,core adjective core_1000 core_2000
mine,,noun,848,0.000104810734094677,A2,core noun core_1000 core_2000
rum,,noun,849,0.000104618402462041,A2,core noun core_1000 core_2000
overveje,,verb,850,0.000104493887185422,A2,core verb core_1000 core_2000
skade,,noun,851,0.000104434964777736,A2,core noun core_1000 core_2000
eje,,verb,852,0.000104422735598782,A2,core verb core_1000 core_2000
ben,,noun,853,0.000104098106484737,A2,core noun core_1000 core_2000
dække,,verb,854,0.000104009167001438,A2,core verb core_1000 core_2000
varm,,adjective,855,0.000103786818293188,A2,core adjective core_1000 core_2000
udsætte,,verb,856,0.000103685649630935,A2,core verb core_1000 core_2000
etablere,,verb,857,0.000103294315904415,A2,core verb core_1000 core_2000
efterår,,noun,858,0.000103252069649848,A2,core noun core_1000 core_2000
styrke,,noun,859,0.000103147565756971,A2,core noun core_1000 core_2000
type,,noun,860,0.000103007486070773,A2,core noun core_1000 core_2000
næppe,,adverb,861,0.000102901870434355,A2,core adverb core_1000 core_2000
hovedstad,,noun,862,0.000102672851264858,A2,core noun core_1000 core_2000
nyde,,verb,863,0.000102591693986347,A2,core verb core_1000 core_2000
ryge,,verb,864,0.000102545000757614,A2,core verb core_1000 core_2000
teknisk,,adjective,865,0.000102401585840793,A2,core adjective core_1000 core_2000
tvinge,,verb,866,0.000102379350969968,A2,core verb core_1000 core_2000
institution,,noun,867,0.000102348222150813,A2,core noun core_1000 core_2000
sammenhæng,,noun,868,0.000102214812925864,A2,core noun core_1000 core_2000
dens,,pronoun,869,0.000101941324014717,A2,core pronoun core_1000 core_2000
benytte,,verb,870,0.000101933541809928,A2,core verb core_1000 core_2000
stof,,noun,871,0.000101912418682644,A2,core noun core_1000 core_2000
optage,,verb,872,0.000101782344688318,A2,core verb core_1000 core_2000
udvalg,,noun,873,0.000101462162548439,A2,core noun core_1000 core_2000
nylig,,adjective,874,0.000101424363268037,A2,core adjective core_1000 core_2000
tegne,,verb,875,0.00010137433480868,A2,core verb core_1000 core_2000
afsløre,,verb,876,0.000101021912106105,A2,core verb core_1000 core_2000
retning,,noun,877,0.00010099967723528,A2,core noun core_1000 core_2000
fantastisk,,adjective,878,0.000100936307853429,A2,core adjective core_1000 core_2000
udland,,noun,879,0.000100816239550974,A2,core noun core_1000 core_2000
forretning,,noun,880,0.00010070617694039,A2,core noun core_1000 core_2000
alder,,noun,881,0.00010053608017858,A2,core noun core_1000 core_2000
vælger,,noun,882,0.000100513845307755,A2,core noun core_1000 core_2000
emne,,noun,883,0.00010047382254027,A2,core noun core_1000 core_2000
dommer,,noun,884,0.000100458258130692,A2,core noun core_1000 core_2000
efter,,adverb,885,9.99757614337907e-05,A2,core adverb core_1000 core_2000
presse,,verb,886,9.99702027160844e-05,A2,core verb core_1000 core_2000
behov,,noun,887,9.99379621533882e-05,A2,core noun core_1000 core_2000
kilde,,noun,888,9.96188917570501e-05,A2,core noun core_1000 core_2000
død,,adjective,889,9.9528840530209e-05,A2,core adjective core_1000 core_2000
sjov,,adjective,890,9.94732533531467e-05,A2,core adjective core_1000 core_2000
optræde,,verb,891,9.92798099769695e-05,A2,core verb core_1000 core_2000
pres,,noun,892,9.91063779845349e-05,A2,core noun core_1000 core_2000
information,,noun,893,9.903967337206e-05,A2,core noun core_1000 core_2000
danne,,verb,894,9.90363381414363e-05,A2,core verb core_1000 core_2000
diskutere,,verb,895,9.88184364073517e-05,A2,core verb core_1000 core_2000
global,,adjective,896,9.86238812876333e-05,A2,core adjective core_1000 core_2000
sygehus,,noun,897,9.85649588799472e-05,A2,core noun core_1000 core_2000
gal,,adjective,898,9.843377314208e-05,A2,core adjective core_1000 core_2000
læser,,noun,899,9.82169831515366e-05,A2,core noun core_1000 core_2000
brev,,noun,900,9.8173625153428e-05,A2,core noun core_1000 core_2000
markant,,adjective,901,9.81536137696855e-05,A2,core adjective core_1000 core_2000
skuespiller,,noun,902,9.80546685945145e-05,A2,core noun core_1000 core_2000
foreslå,,verb,903,9.78590017312548e-05,A2,core verb core_1000 core_2000
udtale,,verb,904,9.76066359473916e-05,A2,core verb core_1000 core_2000
klassisk,,adjective,905,9.71919556065062e-05,A2,core adjective core_1000 core_2000
studerende,,noun,906,9.65860553765261e-05,A2,core noun core_1000 core_2000
indlede,,verb,907,9.65771614281961e-05,A2,core verb core_1000 core_2000
arbejdsplads,,noun,908,9.64815514836488e-05,A2,core noun core_1000 core_2000
luft,,noun,909,9.61057821667071e-05,A2,core noun core_1000 core_2000
tag,,noun,910,9.59757081723811e-05,A2,core noun core_1000 core_2000
fuldstændig,,adjective,911,9.59534733015561e-05,A2,core adjective core_1000 core_2000
gratis,,adjective,912,9.57856000268277e-05,A2,core adjective core_1000 core_2000
typisk,,adjective,913,9.5777817822039e-05,A2,core adjective core_1000 core_2000
traditionel,,adjective,914,9.57300128497653e-05,A2,core adjective core_1000 core_2000
pæn,,adjective,915,9.56822078774917e-05,A2,core adjective core_1000 core_2000
opfordre,,verb,916,9.56132797779343e-05,A2,core verb core_1000 core_2000
eftermiddag,,noun,917,9.55165580898457e-05,A2,core noun core_1000 core_2000
evne,,noun,918,9.54820940400671e-05,A2,core noun core_1000 core_2000
gud,,noun,919,9.53575787634473e-05,A2,core noun core_1000 core_2000
konflikt,,noun,920,9.53575787634473e-05,A2,core noun core_1000 core_2000
investering,,noun,921,9.51596884131052e-05,A2,core noun core_1000 core_2000
kendt,,adjective,922,9.50307261623204e-05,A2,core adjective core_1000 core_2000
enorm,,adjective,923,9.50207204704492e-05,A2,core adjective core_1000 core_2000
frygte,,verb,924,9.49306692436082e-05,A2,core verb core_1000 core_2000
norsk,,adjective,925,9.48695233488395e-05,A2,core adjective core_1000 core_2000
venstre,,noun,926,9.48194948894834e-05,A2,core noun core_1000 core_2000
energi,,noun,927,9.47394493545135e-05,A2,core noun core_1000 core_2000
anvende,,verb,928,9.46138223343525e-05,A2,core verb core_1000 core_2000
advokat,,noun,929,9.45304415687589e-05,A2,core noun core_1000 core_2000
populær,,adjective,930,9.44659604433666e-05,A2,core adjective core_1000 core_2000
forskning,,noun,931,9.43836914213142e-05,A2,core noun core_1000 core_2000
ekspert,,noun,932,9.4126878663286e-05,A2,core noun core_1000 core_2000
officiel,,adjective,933,9.40134808220787e-05,A2,core adjective core_1000 core_2000
demokrati,,noun,934,9.39867989770888e-05,A2,core noun core_1000 core_2000
behøve,,verb,935,9.39167591339902e-05,A2,core verb core_1000 core_2000
efterfølgende,,adjective,936,9.39134239033664e-05,A2,core adjective core_1000 core_2000
slutning,,noun,937,9.38122552411129e-05,A2,core noun core_1000 core_2000
betragte,,verb,938,9.36688403242919e-05,A2,core verb core_1000 core_2000
udgangspunkt,,noun,939,9.36265940697245e-05,A2,core noun core_1000 core_2000
gribe,,verb,940,9.3602135711817e-05,A2,core verb core_1000 core_2000
endda,,adverb,941,9.34331506935474e-05,A2,core adverb core_1000 core_2000
udsigt,,noun,942,9.34287037193824e-05,A2,core noun core_1000 core_2000
oprindelig,,adjective,943,9.34120275662637e-05,A2,core adjective core_1000 core_2000
middel,,noun,944,9.33108589040101e-05,A2,core noun core_1000 core_2000
kommission,,noun,945,9.29217486645734e-05,A2,core noun core_1000 core_2000
dom,,noun,946,9.28650497439697e-05,A2,core noun core_1000 core_2000
restaurant,,noun,947,9.28328091812736e-05,A2,core noun core_1000 core_2000
effekt,,noun,948,9.27216348271488e-05,A2,core noun core_1000 core_2000
producere,,verb,949,9.27016234434063e-05,A2,core verb core_1000 core_2000
amt,,noun,950,9.26037900117765e-05,A2,core noun core_1000 core_2000
overskud,,noun,951,9.25659907313741e-05,A2,core noun core_1000 core_2000
vare,,noun,952,9.24659338126618e-05,A2,core noun core_1000 core_2000
vin,,noun,953,9.23747708422795e-05,A2,core noun core_1000 core_2000
kærlighed,,noun,954,9.23569829456195e-05,A2,core noun core_1000 core_2000
foto,,noun,955,9.20323538315751e-05,A2,core noun core_1000 core_2000
bestemt,,adjective,956,9.19456378353578e-05,A2,core adjective core_1000 core_2000
fastslå,,verb,957,9.19456378353578e-05,A2,core verb core_1000 core_2000
hjerte,,noun,958,9.18100051233256e-05,A2,core noun core_1000 core_2000
indeholde,,verb,959,9.17766528170881e-05,A2,core verb core_1000 core_2000
ond,,adjective,960,9.16243439519372e-05,A2,core adjective core_1000 core_2000
idet,,conjunction,961,9.14331240628426e-05,A2,core conjunction core_1000 core_2000
følelse,,noun,962,9.12430159172892e-05,A2,core noun core_1000 core_2000
ejer,,noun,963,9.10706956683958e-05,A2,core noun core_1000 core_2000
rykke,,verb,964,9.07416195801864e-05,A2,core verb core_1000 core_2000
træ,,noun,965,9.06226630212729e-05,A2,core noun core_1000 core_2000
forsvar,,noun,966,9.05904224585767e-05,A2,core noun core_1000 core_2000
effektiv,,adjective,967,9.04125434919771e-05,A2,core adjective core_1000 core_2000
angreb,,noun,968,9.02735755493211e-05,A2,core noun core_1000 core_2000
forbi,,preposition,969,9.02124296545525e-05,A2,core preposition core_1000 core_2000
bidrage,,verb,970,9.02079826803875e-05,A2,core verb core_1000 core_2000
følge,,noun,971,9.01557307339489e-05,A2,core noun core_1000 core_2000
blå,,adjective,972,9.01346076066652e-05,A2,core adjective core_1000 core_2000
fysisk,,adjective,973,8.99611756142305e-05,A2,core adjective core_1000 core_2000
blande,,verb,974,8.99533934094418e-05,A2,core verb core_1000 core_2000
deltager,,noun,975,8.99267115644518e-05,A2,core noun core_1000 core_2000
styre,,verb,976,8.99055884371681e-05,A2,core verb core_1000 core_2000
have,,noun,977,8.98744596180132e-05,A2,core noun core_1000 core_2000
acceptere,,verb,978,8.97521678284759e-05,A2,core verb core_1000 core_2000
arrangement,,noun,979,8.96832397289185e-05,A2,core noun core_1000 core_2000
stigning,,noun,980,8.96354347566449e-05,A2,core noun core_1000 core_2000
fremmest,,adjective,981,8.94775671737877e-05,A2,core adjective core_1000 core_2000
opdage,,verb,982,8.9465337994834e-05,A2,core verb core_1000 core_2000
kold,,adjective,983,8.93686163067454e-05,A2,core adjective core_1000 core_2000
vold,,noun,984,8.9330817026343e-05,A2,core noun core_1000 core_2000
forestille,,verb,985,8.93096938990593e-05,A2,core verb core_1000 core_2000
simpelthen,,adverb,986,8.89528242223187e-05,A2,core adverb core_1000 core_2000
turde,,verb,987,8.86337538259806e-05,A2,core verb core_1000 core_2000
overbevise,,verb,988,8.86204129034857e-05,A2,core verb core_1000 core_2000
professionel,,adjective,989,8.85236912153971e-05,A2,core adjective core_1000 core_2000
trods,,noun,990,8.85181324976909e-05,A2,core noun core_1000 core_2000
foreløbig,,adjective,991,8.83747175808699e-05,A2,core adjective core_1000 core_2000
tradition,,noun,992,8.82935603023588e-05,A2,core noun core_1000 core_2000
ændring,,noun,993,8.82324144075902e-05,A2,core noun core_1000 core_2000
kinesisk,,adjective,994,8.81790507176103e-05,A2,core adjective core_1000 core_2000
ejendom,,noun,995,8.78677625260609e-05,A2,core noun core_1000 core_2000
tilfreds,,adjective,996,8.78555333471072e-05,A2,core adjective core_1000 core_2000
generation,,noun,997,8.78388571939884e-05,A2,core noun core_1000 core_2000
udgift,,noun,998,8.7832186732741e-05,A2,core noun core_1000 core_2000
frivillig,,adjective,999,8.78221810408697e-05,A2,core adjective core_1000 core_2000
farve,,noun,1000,8.78110636054573e-05,A2,core noun core_1000 core_2000
